{
 "meta": {
  "vintage": "w_equity=0.95",
  "baseline_source": "export_model_curves.py config",
  "risk_free": "DGS3MO",
  "note": "Ablations vary one axis at a time off the live 0.95 config; metrics use the same DGS3MO/SPY basis as pub_benchmarks.py."
 },
 "baseline": {
  "cagr": 0.10677848205542095,
  "vol": 0.1145371738943877,
  "sharpe": 0.79089708112944,
  "sortino": 1.0826049064279373,
  "maxdd": -0.18004470853886145,
  "calmar": 0.5930664828862412,
  "beta": 0.42251089272048203,
  "recovery_days": 603,
  "turnover": 6.28
 },
 "ablations": {
  "no_brake": {
   "cagr": 0.11539987350654157,
   "vol": 0.16429371823892625,
   "sharpe": 0.6163380850504393,
   "sortino": 0.8572130062580897,
   "maxdd": -0.4610058792809062,
   "calmar": 0.25032191278459726,
   "beta": 0.7936877220734363,
   "recovery_days": 987,
   "turnover": 2.678
  },
  "no_convexity": {
   "cagr": 0.10549497933777219,
   "vol": 0.11632649420682188,
   "sharpe": 0.773438248813867,
   "sortino": 1.0584665314921575,
   "maxdd": -0.184623615529258,
   "calmar": 0.5714056624627959,
   "beta": 0.4343137181936073,
   "recovery_days": 622,
   "turnover": 6.105
  },
  "no_satellites": {
   "cagr": 0.1038649487556298,
   "vol": 0.1150683300450199,
   "sharpe": 0.7571989522677586,
   "sortino": 1.0453281243394619,
   "maxdd": -0.21796124513933912,
   "calmar": 0.4765294338873436,
   "beta": 0.48831816539790096,
   "recovery_days": 818,
   "turnover": 4.612
  }
 },
 "vol_target": {
  "0.10": {
   "cagr": 0.09949740593049738,
   "vol": 0.10547272030460511,
   "sharpe": 0.7881487210674208,
   "sortino": 1.078509266780244,
   "maxdd": -0.1523749735044614,
   "calmar": 0.6529773468842257,
   "beta": 0.36125659911684416,
   "recovery_days": 507,
   "turnover": 7.365
  },
  "0.12": {
   "cagr": 0.10677848205542095,
   "vol": 0.1145371738943877,
   "sharpe": 0.79089708112944,
   "sortino": 1.0826049064279373,
   "maxdd": -0.18004470853886145,
   "calmar": 0.5930664828862412,
   "beta": 0.42251089272048203,
   "recovery_days": 603,
   "turnover": 6.28
  },
  "0.14": {
   "cagr": 0.11353642627318417,
   "vol": 0.12212349258066908,
   "sharpe": 0.798139751987082,
   "sortino": 1.0960449937996337,
   "maxdd": -0.2087807099755199,
   "calmar": 0.5438070705214894,
   "beta": 0.47531009731780705,
   "recovery_days": 602,
   "turnover": 5.481
  },
  "0.16": {
   "cagr": 0.1175312230249701,
   "vol": 0.1280486354612272,
   "sharpe": 0.7904703546977591,
   "sortino": 1.088255248122657,
   "maxdd": -0.23287006116960496,
   "calmar": 0.5047073137468249,
   "beta": 0.5190660613980579,
   "recovery_days": 602,
   "turnover": 4.904
  }
 },
 "slippage": {
  "0": {
   "cagr": 0.11025326983426043,
   "vol": 0.11453710480040445,
   "sharpe": 0.8179874433562472,
   "sortino": 1.121088900174708,
   "maxdd": -0.1782035575291393,
   "calmar": 0.6186928665340037,
   "beta": 0.4225807807710845,
   "recovery_days": 602,
   "turnover": 6.28
  },
  "5": {
   "cagr": 0.10677848205542095,
   "vol": 0.1145371738943877,
   "sharpe": 0.79089708112944,
   "sortino": 1.0826049064279373,
   "maxdd": -0.18004470853886145,
   "calmar": 0.5930664828862412,
   "beta": 0.42251089272048203,
   "recovery_days": 603,
   "turnover": 6.28
  },
  "10": {
   "cagr": 0.1033139511189185,
   "vol": 0.1145417043224693,
   "sharpe": 0.7637770017492395,
   "sortino": 1.0441828759375025,
   "maxdd": -0.1818821871938766,
   "calmar": 0.5680267689369239,
   "beta": 0.4224410046698797,
   "recovery_days": 608,
   "turnover": 6.28
  },
  "25": {
   "cagr": 0.09298161452197573,
   "vol": 0.11458205571386251,
   "sharpe": 0.6822702558611692,
   "sortino": 0.9293210451154411,
   "maxdd": -0.1873726535238267,
   "calmar": 0.4962389803064405,
   "beta": 0.4222313405180721,
   "recovery_days": 639,
   "turnover": 6.28
  }
 },
 "start_date": {
  "2006": {
   "cagr": 0.10557989404709689,
   "vol": 0.11452071421094848,
   "sharpe": 0.7732782046582214,
   "sortino": 1.0575486160339092,
   "maxdd": -0.18004470853886112,
   "calmar": 0.5864093141304865,
   "beta": 0.42321622371179834,
   "recovery_days": 603,
   "turnover": 6.293
  },
  "2008": {
   "cagr": 0.10645359655876074,
   "vol": 0.11502896200586779,
   "sharpe": 0.8003722783355904,
   "sortino": 1.0965582407172976,
   "maxdd": -0.1800447085388608,
   "calmar": 0.5912620116563094,
   "beta": 0.4070404087057094,
   "recovery_days": 603,
   "turnover": 6.381
  },
  "2010": {
   "cagr": 0.1137778633968809,
   "vol": 0.11368093735031626,
   "sharpe": 0.8574265235975979,
   "sortino": 1.1690401853497103,
   "maxdd": -0.1605785927099177,
   "calmar": 0.7085493867941571,
   "beta": 0.4988340486353534,
   "recovery_days": 603,
   "turnover": 6.159
  },
  "2013": {
   "cagr": 0.11356939497117802,
   "vol": 0.11308080787041057,
   "sharpe": 0.8388867775958975,
   "sortino": 1.1388134301316013,
   "maxdd": -0.16057859270991715,
   "calmar": 0.7072511538093963,
   "beta": 0.5036314522487964,
   "recovery_days": 603,
   "turnover": 5.898
  }
 },
 "attribution": [
  {
   "window": "Global Financial Crisis",
   "start": "2007-10-09",
   "end": "2009-03-09",
   "total": -0.1230060974085189,
   "equity": -0.20381331358562763,
   "convexity": 0.0,
   "duration": 0.08643606617710875,
   "cost": -0.00562885,
   "residual": -1.3877787807814457e-17
  },
  {
   "window": "EU / US-downgrade stress 2011",
   "start": "2011-04-29",
   "end": "2011-10-03",
   "total": -0.06101226807537236,
   "equity": -0.14202757933374924,
   "convexity": 0.0,
   "duration": 0.08243152125837684,
   "cost": -0.0014162100000000002,
   "residual": 3.469446951953614e-17
  },
  {
   "window": "2015-16 growth scare",
   "start": "2015-08-01",
   "end": "2016-02-11",
   "total": -0.08635895125961818,
   "equity": -0.12828585456515484,
   "convexity": 0.027776477279638653,
   "duration": 0.016114186025897967,
   "cost": -0.0019637599999999997,
   "residual": 4.163336342344337e-17
  },
  {
   "window": "Q4-2018 selloff",
   "start": "2018-09-20",
   "end": "2018-12-24",
   "total": -0.1179232634680942,
   "equity": -0.13616910708260935,
   "convexity": 0.01643576511789411,
   "duration": 0.0031850634966210226,
   "cost": -0.001374985,
   "residual": 1.3877787807814457e-17
  },
  {
   "window": "COVID crash",
   "start": "2020-02-19",
   "end": "2020-03-23",
   "total": -0.1197089581996426,
   "equity": -0.13775875710976695,
   "convexity": 0.01240373598917166,
   "duration": 0.006604527920952714,
   "cost": -0.0009584649999999999,
   "residual": -1.3877787807814457e-17
  },
  {
   "window": "2022 inflation / rate shock",
   "start": "2022-01-03",
   "end": "2022-10-12",
   "total": -0.03955052433800729,
   "equity": -0.06548229198963249,
   "convexity": 0.04543956093390935,
   "duration": -0.01569190328228415,
   "cost": -0.00381589,
   "residual": 0.0
  }
 ],
 "attribution_note": "Per-sleeve contribution = sum of daily sleeve returns over the window (arithmetic; 'residual' is the compounding cross-term). Cost = slippage drag."
}